Sample_ID,Tissue,Lineage,Disease
ACH-001097,Leukemia,Mesenchymal,Normal
ACH-001636,Prostate,Mesenchymal,Cancer
ACH-001804,Colon,Mesenchymal,Cancer
ACH-000534,Prostate,Hematopoietic,Normal
ACH-000742,Prostate,Hematopoietic,Cancer
ACH-000836,Breast,Epithelial,Cancer
ACH-002018,Colon,Epithelial,Normal
ACH-000545,Colon,Hematopoietic,Normal
ACH-001617,Colon,Mesenchymal,Cancer
ACH-001850,Prostate,Epithelial,Normal
ACH-000470,Leukemia,Hematopoietic,Cancer
ACH-001959,Colon,Hematopoietic,Normal
ACH-000079,Prostate,Hematopoietic,Cancer
ACH-000762,Breast,Mesenchymal,Normal
ACH-000495,Leukemia,Hematopoietic,Cancer
ACH-001862,Breast,Hematopoietic,Cancer
ACH-000834,Leukemia,Hematopoietic,Cancer
ACH-000981,Prostate,Hematopoietic,Normal
ACH-001642,Lung,Epithelial,Cancer
ACH-001020,Leukemia,Epithelial,Cancer
ACH-001799,Breast,Hematopoietic,Normal
ACH-001425,Prostate,Mesenchymal,Normal
ACH-001100,Leukemia,Epithelial,Cancer
ACH-000652,Lung,Hematopoietic,Cancer
ACH-001400,Lung,Epithelial,Normal
ACH-001119,Colon,Epithelial,Normal
ACH-001450,Colon,Mesenchymal,Normal
ACH-001520,Breast,Hematopoietic,Normal
ACH-001622,Leukemia,Hematopoietic,Normal
ACH-001849,Leukemia,Mesenchymal,Cancer
ACH-001033,Colon,Mesenchymal,Normal
ACH-000660,Leukemia,Hematopoietic,Cancer
ACH-000813,Leukemia,Hematopoietic,Cancer
ACH-001143,Lung,Mesenchymal,Cancer
ACH-001411,Colon,Epithelial,Normal
ACH-001196,Prostate,Epithelial,Cancer
ACH-001239,Colon,Mesenchymal,Cancer
ACH-000741,Prostate,Epithelial,Normal
ACH-001068,Lung,Mesenchymal,Cancer
ACH-000723,Breast,Epithelial,Cancer
ACH-001634,Leukemia,Epithelial,Normal
ACH-001028,Lung,Hematopoietic,Cancer
ACH-001853,Leukemia,Hematopoietic,Cancer
ACH-001791,Breast,Epithelial,Cancer
ACH-001184,Breast,Epithelial,Normal
ACH-001485,Lung,Hematopoietic,Normal
ACH-000608,Breast,Hematopoietic,Normal
ACH-001702,Prostate,Hematopoietic,Cancer
ACH-001563,Breast,Mesenchymal,Cancer
ACH-000529,Leukemia,Epithelial,Normal
ACH-001560,Leukemia,Hematopoietic,Cancer
ACH-001050,Leukemia,Epithelial,Cancer
ACH-001431,Leukemia,Mesenchymal,Normal
ACH-000958,Prostate,Mesenchymal,Normal
ACH-001392,Colon,Hematopoietic,Cancer
ACH-000772,Lung,Mesenchymal,Cancer
ACH-001163,Leukemia,Epithelial,Cancer
ACH-001664,Breast,Hematopoietic,Normal
ACH-001060,Leukemia,Epithelial,Normal
ACH-001316,Breast,Epithelial,Normal
ACH-001054,Breast,Mesenchymal,Normal
ACH-001638,Leukemia,Mesenchymal,Cancer
ACH-000318,Prostate,Mesenchymal,Normal
ACH-000820,Breast,Mesenchymal,Normal
ACH-000686,Breast,Mesenchymal,Normal
ACH-001497,Leukemia,Hematopoietic,Normal
ACH-001844,Breast,Epithelial,Normal
ACH-001735,Breast,Epithelial,Cancer
ACH-001300,Leukemia,Epithelial,Cancer
ACH-001147,Leukemia,Epithelial,Normal
ACH-000899,Lung,Mesenchymal,Cancer
ACH-001790,Prostate,Epithelial,Normal
ACH-000437,Prostate,Hematopoietic,Normal
ACH-001416,Breast,Hematopoietic,Cancer
ACH-001632,Prostate,Epithelial,Cancer
ACH-001653,Breast,Epithelial,Normal
ACH-001835,Lung,Hematopoietic,Normal
ACH-001396,Leukemia,Hematopoietic,Normal
ACH-001430,Leukemia,Mesenchymal,Cancer
ACH-001677,Leukemia,Hematopoietic,Normal
ACH-001232,Prostate,Mesenchymal,Normal
ACH-000716,Lung,Mesenchymal,Normal
ACH-001751,Prostate,Mesenchymal,Cancer
ACH-001555,Prostate,Mesenchymal,Normal
ACH-001818,Lung,Mesenchymal,Normal
ACH-000502,Lung,Epithelial,Cancer
ACH-001540,Lung,Hematopoietic,Normal
ACH-001607,Lung,Mesenchymal,Normal
ACH-000677,Leukemia,Hematopoietic,Cancer
ACH-001414,Colon,Hematopoietic,Normal
ACH-000469,Colon,Mesenchymal,Cancer
ACH-001031,Lung,Epithelial,Cancer
ACH-001057,Colon,Mesenchymal,Normal
ACH-001134,Colon,Epithelial,Normal
ACH-001391,Lung,Hematopoietic,Normal
ACH-001407,Colon,Epithelial,Normal
ACH-000991,Prostate,Epithelial,Cancer
ACH-001736,Breast,Epithelial,Normal
ACH-002011,Breast,Hematopoietic,Cancer
ACH-001041,Lung,Hematopoietic,Normal
ACH-001628,Leukemia,Epithelial,Normal
ACH-001433,Lung,Epithelial,Normal
ACH-001061,Leukemia,Mesenchymal,Cancer
ACH-001328,Breast,Epithelial,Normal
ACH-001344,Lung,Mesenchymal,Normal
ACH-001530,Prostate,Epithelial,Normal
ACH-001128,Colon,Mesenchymal,Normal
ACH-001335,Leukemia,Hematopoietic,Cancer
ACH-000567,Colon,Epithelial,Normal
ACH-001301,Colon,Epithelial,Cancer
ACH-001030,Lung,Epithelial,Cancer
ACH-001857,Colon,Epithelial,Cancer
ACH-001402,Prostate,Mesenchymal,Cancer
ACH-001459,Colon,Epithelial,Cancer
ACH-001557,Lung,Hematopoietic,Cancer
ACH-001278,Prostate,Hematopoietic,Normal
ACH-001856,Breast,Epithelial,Cancer
ACH-001484,Colon,Hematopoietic,Cancer
ACH-001510,Lung,Epithelial,Cancer
ACH-001650,Breast,Epithelial,Normal
ACH-001067,Breast,Hematopoietic,Normal
ACH-001322,Leukemia,Epithelial,Cancer
ACH-000484,Prostate,Hematopoietic,Normal
ACH-000516,Colon,Mesenchymal,Cancer
ACH-001302,Lung,Epithelial,Cancer
ACH-001106,Leukemia,Mesenchymal,Normal
ACH-001461,Prostate,Hematopoietic,Cancer
ACH-001275,Leukemia,Mesenchymal,Normal
ACH-000726,Prostate,Mesenchymal,Normal
ACH-001277,Prostate,Hematopoietic,Cancer
ACH-000949,Colon,Mesenchymal,Cancer
ACH-001279,Prostate,Mesenchymal,Normal
ACH-001645,Leukemia,Hematopoietic,Cancer
ACH-001624,Prostate,Mesenchymal,Cancer
ACH-001303,Colon,Hematopoietic,Cancer
ACH-001568,Colon,Mesenchymal,Normal
ACH-001750,Leukemia,Hematopoietic,Normal
ACH-000439,Breast,Hematopoietic,Cancer
ACH-002016,Breast,Mesenchymal,Normal
ACH-000206,Prostate,Mesenchymal,Normal
ACH-001283,Lung,Mesenchymal,Normal
ACH-002001,Prostate,Epithelial,Normal
ACH-001270,Leukemia,Epithelial,Normal
ACH-001183,Leukemia,Epithelial,Cancer
ACH-001336,Leukemia,Hematopoietic,Cancer
ACH-002005,Leukemia,Mesenchymal,Cancer
ACH-001458,Leukemia,Hematopoietic,Normal
ACH-000917,Colon,Epithelial,Normal
ACH-001651,Breast,Mesenchymal,Cancer
ACH-002003,Leukemia,Hematopoietic,Normal
ACH-000489,Lung,Mesenchymal,Cancer
ACH-001559,Lung,Hematopoietic,Cancer
ACH-001280,Lung,Mesenchymal,Cancer
ACH-001556,Lung,Epithelial,Normal
ACH-000002,Colon,Epithelial,Normal
ACH-001132,Lung,Mesenchymal,Cancer
ACH-001034,Leukemia,Hematopoietic,Cancer
ACH-000230,Prostate,Epithelial,Cancer
ACH-001715,Lung,Epithelial,Cancer
ACH-000197,Colon,Epithelial,Normal
ACH-001521,Colon,Mesenchymal,Normal
ACH-000649,Lung,Mesenchymal,Cancer
ACH-001802,Prostate,Hematopoietic,Cancer
ACH-001554,Lung,Hematopoietic,Normal
ACH-000970,Colon,Hematopoietic,Normal
ACH-001494,Breast,Mesenchymal,Cancer
ACH-001538,Leukemia,Mesenchymal,Cancer
ACH-000626,Colon,Hematopoietic,Cancer
ACH-000125,Lung,Hematopoietic,Normal
ACH-001109,Leukemia,Mesenchymal,Normal
ACH-001111,Lung,Hematopoietic,Normal
ACH-000271,Lung,Epithelial,Cancer
ACH-001289,Breast,Mesenchymal,Cancer
ACH-001670,Leukemia,Hematopoietic,Normal
ACH-001567,Leukemia,Mesenchymal,Normal
ACH-001536,Breast,Epithelial,Cancer
ACH-000765,Colon,Mesenchymal,Normal
ACH-001368,Lung,Mesenchymal,Normal
ACH-001038,Prostate,Mesenchymal,Cancer
ACH-001380,Lung,Mesenchymal,Normal
ACH-001353,Lung,Epithelial,Cancer
ACH-002004,Colon,Mesenchymal,Cancer
ACH-001345,Lung,Mesenchymal,Cancer
ACH-001295,Breast,Hematopoietic,Cancer
ACH-001562,Breast,Mesenchymal,Cancer
ACH-001819,Leukemia,Hematopoietic,Cancer
ACH-001796,Prostate,Epithelial,Cancer
ACH-001711,Lung,Epithelial,Normal
ACH-000568,Lung,Epithelial,Cancer
ACH-000719,Colon,Epithelial,Cancer
ACH-001674,Breast,Hematopoietic,Normal
ACH-001843,Prostate,Mesenchymal,Normal
ACH-001524,Leukemia,Epithelial,Normal
ACH-000778,Breast,Mesenchymal,Cancer
ACH-001848,Leukemia,Hematopoietic,Normal
ACH-001096,Colon,Hematopoietic,Cancer
ACH-001360,Colon,Hematopoietic,Cancer
ACH-001375,Lung,Epithelial,Cancer
ACH-001228,Prostate,Mesenchymal,Cancer
ACH-001845,Leukemia,Mesenchymal,Normal
