Sample_ID,mean_expr,std_expr,max_expr
ACH-001097,3.4161350664999994,3.545980545953554,12.49125185
ACH-001636,4.791191685500001,3.1165639555821154,11.88767757
ACH-001804,4.872734015400001,2.7398771561455475,12.25668047
ACH-000534,5.1724695966,2.9428326319087303,11.57539743
ACH-000742,4.7430222412,3.035030124525401,12.81995951
ACH-000836,5.562510952399999,2.51290388673493,12.06383322
ACH-002018,4.4027239649,3.312228257598978,12.67888619
ACH-000545,5.656125222200001,2.494260353086819,11.04200131
ACH-001617,5.2296272506,2.819754905485883,10.57714555
ACH-001850,5.655529154799999,3.0177403663859765,13.07367298
ACH-000470,5.17397309,2.7578093723294925,11.82041833
ACH-001959,4.9874714645,2.4894695989239883,11.0502568
ACH-000079,5.0888107826,2.4699793145617694,11.73165845
ACH-000762,5.5248308659,2.8479679052862754,12.31109549
ACH-000495,5.1778273149,3.044304856391783,13.12907368
ACH-001862,4.7559024064,2.8604642852066484,11.6750308
ACH-000834,4.490033421400001,2.7948955961167092,10.8271839
ACH-000981,5.8099491426,3.335899559400742,12.78961515
ACH-001642,3.7326312292999995,3.4855849605495974,11.27839138
ACH-001020,4.7851933274,3.174011202155649,12.43295941
ACH-001799,5.206520379300001,2.7547140649462225,11.66404722
ACH-001425,3.2232885535999998,2.7951503145994856,9.205011221
ACH-001100,4.237380137600001,3.4362492799417312,11.73564064
ACH-000652,5.3360823821,2.6689691424104667,12.15323534
ACH-001400,3.1203676779,2.3793478316746652,8.696654619
ACH-001119,4.1808178252,3.3211172999339116,11.49894891
ACH-001450,5.265366949799999,3.270801957292813,11.4236412
ACH-001520,4.1965297205,3.338032337044667,11.94818469
ACH-001622,4.114027818,3.2603597255493986,12.48869374
ACH-001849,4.6678718856,3.467238932399935,11.08673335
ACH-001033,4.5089533592,3.4309516578194916,12.92180375
ACH-000660,5.8730383687,3.1686072691583527,13.06110113
ACH-000813,5.6251830515000005,3.1255545823944724,12.76150968
ACH-001143,2.9176013287,3.0280841861336563,10.20163386
ACH-001411,4.8897058235,3.2170849820141045,11.00569472
ACH-001196,3.7742599346999994,3.1209850217037554,11.26684509
ACH-001239,4.393053279999999,3.2239258637390336,12.18865066
ACH-000741,5.3392253349,2.9061898737544727,10.92355034
ACH-001068,4.105270748600001,3.7565184916132957,12.58009365
ACH-000723,5.2169441317,2.7950707638942496,12.11126611
ACH-001634,4.585430712100001,3.6153389898159634,13.46620395
ACH-001028,4.0424919748,2.933935846820834,11.50327916
ACH-001853,4.857937152100001,3.009087069680438,11.1438296
ACH-001791,4.483236935500001,3.45706732222268,11.6313135
ACH-001184,3.9995168187000005,2.85681040374915,11.1048608
ACH-001485,4.4625842999,3.070920971309288,11.80654962
ACH-000608,5.042550717099999,2.694108549513137,11.63938593
ACH-001702,4.405896343099999,2.9948647706926788,11.74965996
ACH-001563,4.672984723399999,2.920843384993275,12.23218106
ACH-000529,5.313620108699999,2.447713889851733,11.99251354
ACH-001560,4.914553761,3.125415092757324,11.70968696
ACH-001050,4.5306295907,3.219548824752845,12.06309168
ACH-001431,4.1623042478,3.5451561097561632,11.74894755
ACH-000958,5.765919429200001,2.768433756452011,11.36353249
ACH-001392,3.3592927967,3.482648827444058,12.37183108
ACH-000772,5.2034650252,2.9384160247092255,12.1091777
ACH-001163,4.6845765749,3.032131824646518,11.55281317
ACH-001664,5.585161046499999,2.6591439334162024,12.08610304
ACH-001060,5.3538420374,3.3045805704381883,12.45203527
ACH-001316,5.7440910335,2.5658106213260163,12.13996696
ACH-001054,4.241105329600001,3.3685542437305704,10.61664073
ACH-001638,4.697360423,2.874198915586674,11.17841587
ACH-000318,4.7613480061,3.0004095524089913,12.32881515
ACH-000820,4.483780362999999,2.7743052352375295,10.92585111
ACH-000686,5.5195998623,2.859322528320134,12.78295727
ACH-001497,4.8541697418,3.1445699761630572,12.26470648
ACH-001844,4.6348630431,3.3834308170250362,12.69213598
ACH-001735,5.4543512295,3.101399597741513,11.36265618
ACH-001300,5.2027286226000005,3.2265563005198366,12.41874865
ACH-001147,4.503680623,3.1612070313636633,12.02876942
ACH-000899,4.4810134546,3.1300495105739947,12.08367876
ACH-001790,4.9573407203999995,2.761153157742651,11.89318775
ACH-000437,4.744943640099999,3.1913568907310736,12.57959879
ACH-001416,5.4145634143,2.172619372361934,11.34129643
ACH-001632,4.1185978075000005,3.596775443257894,12.46768196
ACH-001653,5.0674925787,2.5295922073234003,10.76834976
ACH-001835,4.822169360399999,2.633685613089039,11.52825874
ACH-001396,3.6465370207999994,3.268547631932207,11.7984718
ACH-001430,4.6974061978999995,3.414577986889308,12.2142584
ACH-001677,4.9739160649,3.1905875175890994,11.24739352
ACH-001232,5.1400038730999995,3.19889247234091,12.52287573
ACH-000716,5.631310958999999,2.6682790467083697,12.56312476
ACH-001751,4.50961158,2.828745947656756,11.77840572
ACH-001555,4.864615293599999,3.1011970869357435,11.81141483
ACH-001818,4.7018139435999995,2.8091644115774197,12.0098636
ACH-000502,4.5501517943,2.872686110213513,11.53104024
ACH-001540,4.1964073327,3.0935231209902536,11.5282099
ACH-001607,6.1806492293,3.0394658070387544,11.96971028
ACH-000677,5.068947316800001,2.9675322243202555,11.91333824
ACH-001414,4.6911650476,3.163819195450938,11.65535183
ACH-000469,5.171685000999999,2.7903774577844054,12.30580526
ACH-001031,4.4038130045,2.937311122115097,11.79173269
ACH-001057,4.708547697099999,3.5874132038846844,12.26455989
ACH-001134,4.0033701669,3.663866110688277,12.64691866
ACH-001391,5.013413558999999,3.037204814727019,11.35606676
ACH-001407,5.7551845252,2.5502734041001363,12.30226764
ACH-000991,5.891408230800001,2.098833693325612,11.18809426
ACH-001736,4.9027152612,2.780860280270719,10.68229237
ACH-002011,4.59991611,2.833032739677222,11.15955603
ACH-001041,4.6078143142,2.6450255644286327,10.4252159
ACH-001628,5.1017430783,2.713818680886468,11.65611198
ACH-001433,4.577615343400001,2.7900177605049663,11.03953598
ACH-001061,4.821429548399999,3.153948183777487,12.29975179
ACH-001328,4.7534623233,3.042459712311669,11.54588152
ACH-001344,4.923709341,3.2403082531502365,12.69058733
ACH-001530,4.7534441457,2.835868628880347,12.10450047
ACH-001128,5.0730074006,2.7053282574622006,11.93763129
ACH-001335,5.2102551233,2.511522201974699,11.17073879
ACH-000567,6.189121607999999,2.918248535114105,11.73454028
ACH-001301,4.3217583217,3.2777389989672074,11.95677544
ACH-001030,4.666856749300001,3.5250922256777777,13.15805737
ACH-001857,5.082527653500001,2.807108950589143,11.6169623
ACH-001402,5.8813048599,3.0210692382220308,13.70336289
ACH-001459,3.7319685003,3.088679560353991,11.75292417
ACH-001557,4.9409688011,3.093441940569895,12.46147945
ACH-001278,4.8644711109,2.7978611672846534,11.16603752
ACH-001856,4.5398167736,3.378763765682009,12.51353022
ACH-001484,4.6917584965,3.239712668050691,12.27219236
ACH-001510,4.0211759422,3.1456094533893975,11.58810558
ACH-001650,5.5496370085999995,2.6990405768755834,12.19703235
ACH-001067,5.1084339058,2.710628869744833,11.63226822
ACH-001322,5.0115075233,2.752425532467484,11.97183091
ACH-000484,5.6800080347,2.8876495039136167,11.90501086
ACH-000516,5.567819149699999,2.749019418424076,12.87396311
ACH-001302,3.821877594400001,3.1971377325472132,11.69648945
ACH-001106,5.4984864905,3.3328174260355334,12.35358795
ACH-001461,3.8734965472000007,3.0420265933990467,11.47395937
ACH-001275,4.948095335300001,2.646146509055612,11.74634636
ACH-000726,4.882985098200001,2.6248611482906243,10.94060725
ACH-001277,5.426016476999999,2.4746691032812436,11.33226038
ACH-000949,5.7918056463,2.567672643209476,12.01670384
ACH-001279,5.1046841276,2.443513024200322,11.1586728
ACH-001645,4.6722715715000005,3.834022581266152,13.62616532
ACH-001624,4.2290656741,3.284166198512738,12.59637614
ACH-001303,3.771922704199999,3.4107557661734345,12.20652602
ACH-001568,3.4470752462,3.5469508015972937,12.35579155
ACH-001750,4.6977515141,2.8296474388430655,11.60506276
ACH-000439,4.6018142728,3.3891459641630624,11.99862569
ACH-002016,5.048837712900001,2.799598246420283,12.29980902
ACH-000206,4.925131583699999,3.233055277366863,12.25547123
ACH-001283,4.0802504903,3.4625474022864964,12.40886044
ACH-002001,4.4146091076,2.9548387826357607,12.21953157
ACH-001270,5.4616564258,2.840074244490233,12.3392933
ACH-001183,5.0139242563,3.0905700957419535,12.01708677
ACH-001336,5.0479626453,2.711053488402909,11.21844215
ACH-002005,4.654422712199999,2.971703557306767,11.92284453
ACH-001458,4.3432633243,3.1258480968407087,11.68216067
ACH-000917,5.255416234300001,2.502957943436715,11.64777319
ACH-001651,5.0433484138,3.0594609230143157,12.32133624
ACH-002003,4.2470715546,3.011414987960357,12.27525154
ACH-000489,5.1693582779,2.3272206257807264,10.8720592
ACH-001559,4.906048484000001,3.1008430388107873,12.21856324
ACH-001280,4.8538534089,2.9520769053897555,11.69405312
ACH-001556,4.982030244700001,3.033776901440313,11.95455985
ACH-000002,4.1940539824,3.321680796468847,11.18926862
ACH-001132,4.926040835300001,3.2369608736262694,12.71816895
ACH-001034,4.668959127999999,3.3870594352740064,11.85972889
ACH-000230,4.4493867512,3.0855645735798984,12.74323556
ACH-001715,4.2784303391,3.5274484552871854,12.72928085
ACH-000197,5.565321923799999,3.03336402562769,12.05015475
ACH-001521,5.4166785638,2.638346748208784,11.47558145
ACH-000649,4.6903121454,3.048265242357319,12.08111723
ACH-001802,4.9072103024,2.87860982476186,12.58301223
ACH-001554,4.5728941595000006,2.906163157993873,11.37411572
ACH-000970,5.710137317400001,2.5073124692861164,12.11120089
ACH-001494,3.7158412478000002,3.028930090074512,11.20957521
ACH-001538,5.8178445564,2.5797315053787417,11.92329034
ACH-000626,4.854391033800001,2.6709039388921183,11.15000109
ACH-000125,5.119698945400001,2.4852931583126963,11.95466889
ACH-001109,5.2772548889,2.4782242342134215,11.11984896
ACH-001111,4.4394925044,3.61061072076612,12.57319746
ACH-000271,5.3080198074,3.3390870953636487,12.56545914
ACH-001289,4.2742857991,2.787975192468873,11.20634286
ACH-001670,4.122322383499999,3.747447929477635,11.84999144
ACH-001567,4.1442103818,3.2580778668090775,12.52625469
ACH-001536,3.8786747939999997,3.387617929077662,12.17835362
ACH-000765,5.406943069,2.9075891747103952,12.14532718
ACH-001368,4.7634137505,2.8876254049651013,12.16898544
ACH-001038,4.429084444900001,3.2648746517219247,11.59567708
ACH-001380,5.159848575499999,2.7408616667911754,11.94562672
ACH-001353,4.2241475383000004,2.6652593198951635,10.99258434
ACH-002004,4.5536165888,3.2995994464767286,12.69601121
ACH-001345,4.686347569800001,3.071920924865081,11.72766524
ACH-001295,4.004495217800001,3.0054969416977335,11.39290769
ACH-001562,4.992808795900001,3.1328350998716825,11.6288556
ACH-001819,4.602496014,2.945901810784784,11.21140164
ACH-001796,4.738202618100001,2.979237102876469,12.27824617
ACH-001711,4.8201051378,3.174010935328078,11.79429401
ACH-000568,3.9632470704000005,3.191706179087254,12.1448494
ACH-000719,3.9015451597000004,3.1478337029124126,11.5934845
ACH-001674,4.781642969600001,3.1953103916506898,12.39927792
ACH-001843,4.425486081400001,3.366919662991173,12.01499682
ACH-001524,4.9621076578,2.584825443897476,11.3416856
ACH-000778,5.4437630882,3.0479927984728503,12.57676776
ACH-001848,4.1402667159,3.0681954811572534,11.83869182
ACH-001096,4.8297104304000005,2.9728854864298793,12.65253131
ACH-001360,5.440634495199999,2.927042354219378,11.92262157
ACH-001375,4.939860664799999,2.8919037285242206,11.63617144
ACH-001228,5.375642179,2.3825144962869658,11.32125167
ACH-001845,4.8998369213,2.7911525961873016,10.72032977
